key	size_bytes	created	last_modified	last_accessed	reason
index-0	1693	2026-08-24T19:50:50.939931+00:00	2026-08-24T19:50:50.939931+00:00	2026-08-24T19:50:50.939931+00:00	stale root generation
meta-Hrv33udFQNSFJK1cLTdQVA.dat	38805	2026-08-24T19:50:50.973520+00:00	2026-08-24T19:50:50.973520+00:00	2026-08-24T19:50:50.973520+00:00	root meta-<uuid> vs live snapshots
snap-Hrv33udFQNSFJK1cLTdQVA.dat	468	2026-08-24T19:50:50.973520+00:00	2026-08-24T19:50:50.973520+00:00	2026-08-24T19:50:50.973520+00:00	root snap-<uuid> vs live snapshots
index-1	2334	2026-08-24T19:50:50.935732+00:00	2026-08-24T19:50:50.935732+00:00	2026-08-24T19:50:50.931534+00:00	stale root generation
indices/BtIUzj_XSz-Ygq0AfcOMIg/0/index-gw8nXlCFQ0eFJcIT1StZsw	1236	2026-08-24T19:50:50.948328+00:00	2026-08-24T19:50:50.948328+00:00	2026-08-24T19:50:50.948328+00:00	shard index-<gen> vs current gen
indices/BtIUzj_XSz-Ygq0AfcOMIg/0/index-rBUHMFb9T9WUFmqasJEx2Q	1230	2026-08-24T19:50:50.948328+00:00	2026-08-24T19:50:50.948328+00:00	2026-08-24T19:50:50.948328+00:00	shard index-<gen> vs current gen
indices/BtIUzj_XSz-Ygq0AfcOMIg/0/snap-Hrv33udFQNSFJK1cLTdQVA.dat	871	2026-08-24T19:50:50.952527+00:00	2026-08-24T19:50:50.948328+00:00	2026-08-24T19:50:50.948328+00:00	shard snap-<uuid> vs live snapshots
indices/BtIUzj_XSz-Ygq0AfcOMIg/0/__hbLf4fSvQoCGDy6kH-Q0LA	742	2026-08-24T19:50:50.948328+00:00	2026-08-24T19:50:50.948328+00:00	2026-08-24T19:50:50.948328+00:00	segment vs current shard file set
indices/BtIUzj_XSz-Ygq0AfcOMIg/0/index-aY9-HJY-TcK9bw81coxYpQ	861	2026-08-24T19:50:50.952527+00:00	2026-08-24T19:50:50.952527+00:00	2026-08-24T19:50:50.952527+00:00	shard index-<gen> vs current gen
indices/BtIUzj_XSz-Ygq0AfcOMIg/0/__BmG7ZoTQT6WkC5r4tx1zeg	157511	2026-08-24T19:50:50.952527+00:00	2026-08-24T19:50:50.952527+00:00	2026-08-24T19:50:50.952527+00:00	segment vs current shard file set
indices/uWYEV8XgTRq9NPAtuedM9Q/0/index-zpLksOM6RD2ThXq8X7Gl7A	868	2026-08-24T19:50:50.969322+00:00	2026-08-24T19:50:50.969322+00:00	2026-08-24T19:50:50.969322+00:00	shard index-<gen> vs current gen
indices/uWYEV8XgTRq9NPAtuedM9Q/0/index-Azf2dsfRSGuxfHb5W-VJxg	884	2026-08-24T19:50:50.969322+00:00	2026-08-24T19:50:50.969322+00:00	2026-08-24T19:50:50.969322+00:00	shard index-<gen> vs current gen
indices/uWYEV8XgTRq9NPAtuedM9Q/0/snap-Hrv33udFQNSFJK1cLTdQVA.dat	878	2026-08-24T19:50:50.973520+00:00	2026-08-24T19:50:50.973520+00:00	2026-08-24T19:50:50.973520+00:00	shard snap-<uuid> vs live snapshots
indices/uWYEV8XgTRq9NPAtuedM9Q/0/index-xyv9sr06TqKFFsDWJkA1JA	879	2026-08-24T19:50:50.969322+00:00	2026-08-24T19:50:50.969322+00:00	2026-08-24T19:50:50.969322+00:00	shard index-<gen> vs current gen
indices/GVsRrzdESB-K1azSkyk4fA/0/index-VgbkC_G7QCO5_Y1QxLMTYA	875	2026-08-24T19:50:50.965123+00:00	2026-08-24T19:50:50.965123+00:00	2026-08-24T19:50:50.965123+00:00	shard index-<gen> vs current gen
indices/GVsRrzdESB-K1azSkyk4fA/0/index--Ro_2MZMR8WL2kvnKeoQ1Q	886	2026-08-24T19:50:50.960924+00:00	2026-08-24T19:50:50.960924+00:00	2026-08-24T19:50:50.960924+00:00	shard index-<gen> vs current gen
indices/GVsRrzdESB-K1azSkyk4fA/0/index-7fkmGhZlTyqWlV47o5uuZg	891	2026-08-24T19:50:50.960924+00:00	2026-08-24T19:50:50.960924+00:00	2026-08-24T19:50:50.960924+00:00	shard index-<gen> vs current gen
indices/GVsRrzdESB-K1azSkyk4fA/0/snap-Hrv33udFQNSFJK1cLTdQVA.dat	889	2026-08-24T19:50:50.965123+00:00	2026-08-24T19:50:50.965123+00:00	2026-08-24T19:50:50.965123+00:00	shard snap-<uuid> vs live snapshots
indices/FKf_36IxTWyQnF1j3fme5A/0/index-N_uNxlVyQMOLAbNX0bCPjw	1235	2026-08-24T19:50:50.956726+00:00	2026-08-24T19:50:50.956726+00:00	2026-08-24T19:50:50.956726+00:00	shard index-<gen> vs current gen
indices/FKf_36IxTWyQnF1j3fme5A/0/index-0NOPErF9Ts6CjVx4gtKF_A	1240	2026-08-24T19:50:50.956726+00:00	2026-08-24T19:50:50.956726+00:00	2026-08-24T19:50:50.952527+00:00	shard index-<gen> vs current gen
indices/FKf_36IxTWyQnF1j3fme5A/0/index-LNACpd7OQHmhoabvrldQBQ	861	2026-08-24T19:50:50.956726+00:00	2026-08-24T19:50:50.956726+00:00	2026-08-24T19:50:50.956726+00:00	shard index-<gen> vs current gen
indices/FKf_36IxTWyQnF1j3fme5A/0/snap-Hrv33udFQNSFJK1cLTdQVA.dat	871	2026-08-24T19:50:50.960924+00:00	2026-08-24T19:50:50.956726+00:00	2026-08-24T19:50:50.956726+00:00	shard snap-<uuid> vs live snapshots
indices/FKf_36IxTWyQnF1j3fme5A/0/__1ugMrX0TQ5-j4F7fz3bAXQ	156902	2026-08-24T19:50:50.956726+00:00	2026-08-24T19:50:50.952527+00:00	2026-08-24T19:50:50.952527+00:00	segment vs current shard file set
indices/FKf_36IxTWyQnF1j3fme5A/0/__sBR1r9ldTP2rSNzYGwefrg	742	2026-08-24T19:50:50.952527+00:00	2026-08-24T19:50:50.952527+00:00	2026-08-24T19:50:50.952527+00:00	segment vs current shard file set
indices/-6gHKxGPT_-EZY3_ShXJEg/0/index-CMpZ1xhhSZOASrfxdJCDWA	880	2026-08-24T19:50:50.944130+00:00	2026-08-24T19:50:50.944130+00:00	2026-08-24T19:50:50.944130+00:00	shard index-<gen> vs current gen
indices/-6gHKxGPT_-EZY3_ShXJEg/0/index-q077nLXoQmGQbKinKyFWAg	863	2026-08-24T19:50:50.944130+00:00	2026-08-24T19:50:50.944130+00:00	2026-08-24T19:50:50.939931+00:00	shard index-<gen> vs current gen
indices/-6gHKxGPT_-EZY3_ShXJEg/0/snap-Hrv33udFQNSFJK1cLTdQVA.dat	873	2026-08-24T19:50:50.948328+00:00	2026-08-24T19:50:50.948328+00:00	2026-08-24T19:50:50.948328+00:00	shard snap-<uuid> vs live snapshots
indices/-6gHKxGPT_-EZY3_ShXJEg/0/index-2D_bWIlxRQKzyn4ySZ-5AA	874	2026-08-24T19:50:50.944130+00:00	2026-08-24T19:50:50.944130+00:00	2026-08-24T19:50:50.944130+00:00	shard index-<gen> vs current gen
