key	size_bytes	created	last_modified	last_accessed	first_seen_in_logs	last_seen_in_logs	source	note
index-2	-	-	-	-	2026-08-24T20:51:58.583000+00:00	2026-08-24T21:33:19.467000+00:00	sdk-exception,stale-root	-
index-3	-	-	-	-	2026-08-24T20:51:58.609000+00:00	2026-08-24T21:33:19.467000+00:00	sdk-exception,stale-root	-
index-4	-	-	-	-	2026-08-24T21:04:41.318000+00:00	2026-08-24T21:33:19.467000+00:00	sdk-exception,stale-root	-
index-5	-	-	-	-	2026-08-24T21:04:44.628000+00:00	2026-08-24T21:33:19.467000+00:00	sdk-exception,stale-root	-
index-6	-	-	-	-	2026-08-24T21:33:15.059000+00:00	2026-08-24T21:33:19.467000+00:00	sdk-exception,stale-root	-
index-7	-	-	-	-	2026-08-24T21:33:17.253000+00:00	2026-08-24T21:33:19.467000+00:00	sdk-exception,stale-root	-
indices/-6gHKxGPT_-EZY3_ShXJEg/0/__0dkExkwySPmPT2cmnFgyCg	-	-	-	-	2026-08-24T21:33:17.257000+00:00	2026-08-24T21:33:19.471000+00:00	sdk-exception	-
indices/-6gHKxGPT_-EZY3_ShXJEg/0/__ScLvAcH2Si2QMN1a_A6HMQ	-	-	-	-	2026-08-24T21:33:17.257000+00:00	2026-08-24T21:33:19.471000+00:00	sdk-exception	-
indices/-6gHKxGPT_-EZY3_ShXJEg/0/index-5-eGzXmZSEymyZgowVVf7w	-	-	-	-	2026-08-24T20:51:58.609000+00:00	2026-08-24T21:33:19.471000+00:00	sdk-exception	-
indices/-6gHKxGPT_-EZY3_ShXJEg/0/index-YOZtMlV8R4upAV-HmbcSzw	-	-	-	-	2026-08-24T21:33:17.257000+00:00	2026-08-24T21:33:19.471000+00:00	sdk-exception	-
indices/-6gHKxGPT_-EZY3_ShXJEg/0/snap-Akwm7mJyTw-vZoEtd13mRw.dat	-	-	-	-	2026-08-24T21:33:17.257000+00:00	2026-08-24T21:33:19.471000+00:00	sdk-exception	-
indices/-6gHKxGPT_-EZY3_ShXJEg/0/snap-vOlMaZYhRRegyN_e3zV3pA.dat	-	-	-	-	2026-08-24T20:51:58.609000+00:00	2026-08-24T21:33:19.471000+00:00	sdk-exception	-
indices/-6gHKxGPT_-EZY3_ShXJEg/meta-R9pSNaABvGPSWU9_xcpw.dat	-	-	-	-	2026-08-24T21:33:17.257000+00:00	2026-08-24T21:33:19.471000+00:00	sdk-exception	-
indices/2ROCq0IpRKaD_tSgwrcq4A/0/__8GitRdOIRc-y0L7PAiTeZg	-	-	-	-	2026-08-24T21:33:19.469000+00:00	2026-08-24T21:33:19.469000+00:00	sdk-exception	-
indices/2ROCq0IpRKaD_tSgwrcq4A/0/__FUqgkWRzQN6zQLg44dzepw	-	-	-	-	2026-08-24T21:33:19.469000+00:00	2026-08-24T21:33:19.469000+00:00	sdk-exception	-
indices/2ROCq0IpRKaD_tSgwrcq4A/0/__Uxhcjrl_R92TNO0YJ8MiAA	-	-	-	-	2026-08-24T21:33:19.469000+00:00	2026-08-24T21:33:19.469000+00:00	sdk-exception	-
indices/2ROCq0IpRKaD_tSgwrcq4A/0/__nmzCGcusQfWvOqJiINpCtQ	-	-	-	-	2026-08-24T21:33:19.469000+00:00	2026-08-24T21:33:19.469000+00:00	sdk-exception	-
indices/2ROCq0IpRKaD_tSgwrcq4A/0/index-I4YkT8B4QzyNUNjqeYFbmw	-	-	-	-	2026-08-24T21:33:19.469000+00:00	2026-08-24T21:33:19.469000+00:00	sdk-exception	-
indices/2ROCq0IpRKaD_tSgwrcq4A/0/index-esb_003tQU2w3rV_YCgKDw	-	-	-	-	2026-08-24T21:33:15.059000+00:00	2026-08-24T21:33:19.469000+00:00	sdk-exception	-
indices/2ROCq0IpRKaD_tSgwrcq4A/0/snap-fkvwBzpBR_2TNCwiHHkWWA.dat	-	-	-	-	2026-08-24T21:33:19.469000+00:00	2026-08-24T21:33:19.469000+00:00	sdk-exception	-
indices/BtIUzj_XSz-Ygq0AfcOMIg/0/index-Onv4bHMsQZOX7N_w2mwyqQ	-	-	-	-	2026-08-24T21:33:17.254000+00:00	2026-08-24T21:33:17.254000+00:00	sdk-exception	-
indices/BtIUzj_XSz-Ygq0AfcOMIg/0/index-eLMojwX6SB-dF9v5eqf08w	-	-	-	-	2026-08-24T21:04:44.628000+00:00	2026-08-24T21:33:17.254000+00:00	sdk-exception	-
indices/BtIUzj_XSz-Ygq0AfcOMIg/0/index-gW2D_OyTQUOtpbRGh-FDqA	-	-	-	-	2026-08-24T20:51:58.609000+00:00	2026-08-24T21:33:17.254000+00:00	sdk-exception	-
indices/BtIUzj_XSz-Ygq0AfcOMIg/0/index-lLJFGgIRRBafPcnwq6qgWw	-	-	-	-	2026-08-24T21:04:41.318000+00:00	2026-08-24T21:33:17.254000+00:00	sdk-exception	-
indices/BtIUzj_XSz-Ygq0AfcOMIg/0/snap-vOlMaZYhRRegyN_e3zV3pA.dat	-	-	-	-	2026-08-24T20:51:58.609000+00:00	2026-08-24T21:33:17.254000+00:00	sdk-exception	-
indices/FKf_36IxTWyQnF1j3fme5A/0/__RaFdrEadT5aj9VGiXT6AZg	-	-	-	-	2026-08-24T21:33:19.473000+00:00	2026-08-24T21:33:19.473000+00:00	sdk-exception	-
indices/FKf_36IxTWyQnF1j3fme5A/0/__Zbwrai23TYW86WEBsMQ5eQ	-	-	-	-	2026-08-24T21:33:19.473000+00:00	2026-08-24T21:33:19.473000+00:00	sdk-exception	-
indices/FKf_36IxTWyQnF1j3fme5A/0/index-WrPIq5UNRLWNuh1AqyewQg	-	-	-	-	2026-08-24T21:33:19.473000+00:00	2026-08-24T21:33:19.473000+00:00	sdk-exception	-
indices/FKf_36IxTWyQnF1j3fme5A/0/index-XFd_ujjMTaGqEhHi5SZPrg	-	-	-	-	2026-08-24T20:51:58.609000+00:00	2026-08-24T21:33:19.473000+00:00	sdk-exception	-
indices/FKf_36IxTWyQnF1j3fme5A/0/index-hcX2zb5lQ1ChwC5q5nWEzA	-	-	-	-	2026-08-24T21:33:17.254000+00:00	2026-08-24T21:33:19.473000+00:00	sdk-exception	-
indices/FKf_36IxTWyQnF1j3fme5A/0/index-monf8lAwTb6AsQrNG3OOmg	-	-	-	-	2026-08-24T21:33:15.059000+00:00	2026-08-24T21:33:19.473000+00:00	sdk-exception	-
indices/FKf_36IxTWyQnF1j3fme5A/0/snap-Akwm7mJyTw-vZoEtd13mRw.dat	-	-	-	-	2026-08-24T21:33:17.254000+00:00	2026-08-24T21:33:19.473000+00:00	sdk-exception	-
indices/FKf_36IxTWyQnF1j3fme5A/0/snap-fkvwBzpBR_2TNCwiHHkWWA.dat	-	-	-	-	2026-08-24T21:33:19.473000+00:00	2026-08-24T21:33:19.473000+00:00	sdk-exception	-
indices/FKf_36IxTWyQnF1j3fme5A/0/snap-vOlMaZYhRRegyN_e3zV3pA.dat	-	-	-	-	2026-08-24T20:51:58.609000+00:00	2026-08-24T21:33:19.473000+00:00	sdk-exception	-
indices/FKf_36IxTWyQnF1j3fme5A/meta-RtpSNaABvGPSWU9_xcpw.dat	-	-	-	-	2026-08-24T21:33:19.473000+00:00	2026-08-24T21:33:19.473000+00:00	sdk-exception	-
indices/GVsRrzdESB-K1azSkyk4fA/0/__-u8f0RY5Tt2Mugf307V5EA	-	-	-	-	2026-08-24T21:33:17.257000+00:00	2026-08-24T21:33:19.473000+00:00	sdk-exception	-
indices/GVsRrzdESB-K1azSkyk4fA/0/__3RdBb9CeTY2DzGAG_oBU-A	-	-	-	-	2026-08-24T21:33:17.257000+00:00	2026-08-24T21:33:19.473000+00:00	sdk-exception	-
indices/GVsRrzdESB-K1azSkyk4fA/0/index-0IFZ0oIgR5-nQj8EVNtJMg	-	-	-	-	2026-08-24T21:33:17.257000+00:00	2026-08-24T21:33:19.473000+00:00	sdk-exception	-
indices/GVsRrzdESB-K1azSkyk4fA/0/index-6m36_dxXREWZnQ3gFbyPOA	-	-	-	-	2026-08-24T20:51:58.609000+00:00	2026-08-24T21:33:19.473000+00:00	sdk-exception	-
indices/GVsRrzdESB-K1azSkyk4fA/0/snap-Akwm7mJyTw-vZoEtd13mRw.dat	-	-	-	-	2026-08-24T21:33:17.257000+00:00	2026-08-24T21:33:19.473000+00:00	sdk-exception	-
indices/GVsRrzdESB-K1azSkyk4fA/0/snap-vOlMaZYhRRegyN_e3zV3pA.dat	-	-	-	-	2026-08-24T20:51:58.609000+00:00	2026-08-24T21:33:19.473000+00:00	sdk-exception	-
indices/GVsRrzdESB-K1azSkyk4fA/meta-RdpSNaABvGPSWU9_xcpw.dat	-	-	-	-	2026-08-24T21:33:17.257000+00:00	2026-08-24T21:33:19.473000+00:00	sdk-exception	-
indices/uWYEV8XgTRq9NPAtuedM9Q/0/index-DTuAjT7_QQ2-nuSqWeLX0A	-	-	-	-	2026-08-24T21:04:41.318000+00:00	2026-08-24T21:33:19.469000+00:00	sdk-exception	-
indices/uWYEV8XgTRq9NPAtuedM9Q/0/index-SaAVz3TUQxmdIFF0FUuMvA	-	-	-	-	2026-08-24T20:51:58.609000+00:00	2026-08-24T21:33:19.469000+00:00	sdk-exception	-
indices/uWYEV8XgTRq9NPAtuedM9Q/0/index-_TWeLty-S7W6lvsc0MU0_A	-	-	-	-	2026-08-24T21:33:15.059000+00:00	2026-08-24T21:33:15.059000+00:00	sdk-exception	-
indices/uWYEV8XgTRq9NPAtuedM9Q/0/index-klC8nCXeQxi9L6js9YsMlw	-	-	-	-	2026-08-24T21:33:19.469000+00:00	2026-08-24T21:33:19.469000+00:00	sdk-exception	-
indices/uWYEV8XgTRq9NPAtuedM9Q/0/snap-vOlMaZYhRRegyN_e3zV3pA.dat	-	-	-	-	2026-08-24T20:51:58.609000+00:00	2026-08-24T20:51:58.609000+00:00	sdk-exception	-
meta-Akwm7mJyTw-vZoEtd13mRw.dat	-	-	-	-	2026-08-24T21:33:17.253000+00:00	2026-08-24T21:33:19.464000+00:00	sdk-exception,stale-root	-
meta-fkvwBzpBR_2TNCwiHHkWWA.dat	-	-	-	-	2026-08-24T21:33:19.467000+00:00	2026-08-24T21:33:19.467000+00:00	sdk-exception	-
meta-vOlMaZYhRRegyN_e3zV3pA.dat	-	-	-	-	2026-08-24T20:51:58.609000+00:00	2026-08-24T21:33:19.467000+00:00	sdk-exception,stale-root	-
snap-Akwm7mJyTw-vZoEtd13mRw.dat	-	-	-	-	2026-08-24T21:33:17.253000+00:00	2026-08-24T21:33:19.464000+00:00	sdk-exception,stale-root	-
snap-fkvwBzpBR_2TNCwiHHkWWA.dat	-	-	-	-	2026-08-24T21:33:19.467000+00:00	2026-08-24T21:33:19.467000+00:00	sdk-exception	-
snap-vOlMaZYhRRegyN_e3zV3pA.dat	-	-	-	-	2026-08-24T20:51:58.609000+00:00	2026-08-24T21:33:19.464000+00:00	sdk-exception,stale-root	-
