key	bytes	etag
exp-b6r/index-0	874	9aa27b60bcc10c1738bebf1bbb4f285b
exp-b6r/index-1	1263	86b1d16ab7306960de91ddf606c0a068
exp-b6r/index-2	1652	f34708eec8f9147b6deadb0577b9135f
exp-b6r/index.latest	8	e675cc21c1f78217cf5d6a5b1929afde
exp-b6r/indices/23PewvPeSIipJ0w0z-3ypQ/0/__2cCGkm5uQf6Tw1qQ96W_ow	742	fedb9ac012991eb821226d6c5f440b85
exp-b6r/indices/23PewvPeSIipJ0w0z-3ypQ/0/__R1fKKxcwSd6OcfgtNcl99w	742	dc43d3f53c096c01f72d13b120b1eb97
exp-b6r/indices/23PewvPeSIipJ0w0z-3ypQ/0/__ocOz3nmvQoCISRh0va80RA	486768	c03db31a3191335e634bec8f96ac523c
exp-b6r/indices/23PewvPeSIipJ0w0z-3ypQ/0/__qBc58MdXQ2KxZm_FZECRfQ	24544	bd5ee5a04debb67e28f08767f06dc95e
exp-b6r/indices/23PewvPeSIipJ0w0z-3ypQ/0/index-XenWdl68Rfy21sAwsR8P0A	920	69ac289f8dd06100f556dae0ed23a573
exp-b6r/indices/23PewvPeSIipJ0w0z-3ypQ/0/index-d0KBxuqKRVykyR-wgRnelg	1203	db2b7dd2d4e03147b5f96553eb217cfc
exp-b6r/indices/23PewvPeSIipJ0w0z-3ypQ/0/index-rVWMYQY6Tneb2weRBYeqQQ	908	e76126109693187543f8ce3b060bc47f
exp-b6r/indices/23PewvPeSIipJ0w0z-3ypQ/0/snap-UIF8pAV-QPyCLMnHvHtzYA.dat	911	fb69d86c87ed0f08bc7adb232eec1e14
exp-b6r/indices/23PewvPeSIipJ0w0z-3ypQ/0/snap-tJyJxYawQwiWDGV4EvJYlg.dat	1088	8bbc12a2d6ec26d76f82a1defc7b8acc
exp-b6r/indices/23PewvPeSIipJ0w0z-3ypQ/0/snap-xb4MFxb7SRu6ltyR_5mk_Q.dat	909	0d734aa20863b9a55932955b1a5f2e51
exp-b6r/indices/23PewvPeSIipJ0w0z-3ypQ/meta-MwD9OqABiKEMB984_UGL.dat	557	153de894a675a79ac87f944104d9e792
exp-b6r/indices/UXdt_l7dRxGjcj2NMCWFbw/0/__27_yjuX2QPyUrE-2VlGx9A	742	36a384b56514f3b48bd554f5a23de862
exp-b6r/indices/UXdt_l7dRxGjcj2NMCWFbw/0/__6HfSS9VGSUy_86kMSv-_Kw	486768	e359c8a3275b8b5af885acaf9b2da6f1
exp-b6r/indices/UXdt_l7dRxGjcj2NMCWFbw/0/index-D0D57KZvQDex6BmZ1ASDiA	924	4a71078838e8e3435fb540f01a2844ad
exp-b6r/indices/UXdt_l7dRxGjcj2NMCWFbw/0/index-G2CsYnnpSWmqlS1c4It3wA	908	556afebb19b937a8498b2891aa6090cd
exp-b6r/indices/UXdt_l7dRxGjcj2NMCWFbw/0/index-V8rlXZ9kRI-sg_gFHBVOjQ	921	843ecf8957280e9f76794489a547f717
exp-b6r/indices/UXdt_l7dRxGjcj2NMCWFbw/0/snap-UIF8pAV-QPyCLMnHvHtzYA.dat	916	26dbc32ae6eb012723b809f414afb374
exp-b6r/indices/UXdt_l7dRxGjcj2NMCWFbw/0/snap-tJyJxYawQwiWDGV4EvJYlg.dat	910	7d8e7b7f51704479619e2a63a8222e09
exp-b6r/indices/UXdt_l7dRxGjcj2NMCWFbw/0/snap-xb4MFxb7SRu6ltyR_5mk_Q.dat	913	de6f737b1dd0ff5cae834c5d5825ead2
exp-b6r/indices/UXdt_l7dRxGjcj2NMCWFbw/meta-MgD9OqABiKEMB984_UGL.dat	558	8a1041d0a567cba6e2ed8f27071634ac
exp-b6r/meta-UIF8pAV-QPyCLMnHvHtzYA.dat	212	85a57bae906739c559cca6933274d5d5
exp-b6r/meta-tJyJxYawQwiWDGV4EvJYlg.dat	212	85a57bae906739c559cca6933274d5d5
exp-b6r/meta-xb4MFxb7SRu6ltyR_5mk_Q.dat	212	85a57bae906739c559cca6933274d5d5
exp-b6r/snap-UIF8pAV-QPyCLMnHvHtzYA.dat	334	07c3869857b1a63fa05e5e821a142c37
exp-b6r/snap-tJyJxYawQwiWDGV4EvJYlg.dat	334	814cd287c67339337ad8c5cdf1c63e54
exp-b6r/snap-xb4MFxb7SRu6ltyR_5mk_Q.dat	334	48b854447ad71ee1ae14218459edfbdd
